unique.w,unique.x,unique.y
2017-01-08,Alicia Keys,In Common - Single
2017-01-08,Andrew McMahon In the Wilderness,Fire Escape - Single
2017-01-08,Angela Hewitt,Chopin: Nocturnes & Impromptus
2017-01-08,Arkells,High Noon
2017-01-08,Chris Cornell,Higher Truth
2017-01-08,Elle King,"Good Girls (from the ""Ghostbusters"" Original Motion Picture Soundtrack) - Single"
2017-01-08,Ingrid Michaelson,Hell No - Single
2017-01-08,Jason Derulo,Platinum Hits
2017-01-08,Justin Timberlake,"CAN'T STOP THE FEELING! (Original Song From DreamWorks Animation's ""Trolls"") - Single"
2017-01-08,Madeleine Peyroux,Secular Hymns
2017-01-08,Norah Jones,Day Breaks
2017-01-08,Rob Thomas,Pieces (Radio Mix) - Single
2017-01-08,Shura,What's It Gonna Be? - Single
2017-01-08,Sia,The Greatest (feat. Kendrick Lamar) - Single
2017-01-08,Steve Martin & Edie Brickell,So Familiar
2017-01-08,The Oh Hellos,Like the Dawn (David K. Radio Mix) - Single
2017-01-08,Vapor,Follow You Follow Me (feat. Adaline) - Single
2017-01-09,Angela Hewitt,Chopin: Nocturnes & Impromptus
2017-01-09,AURORA,All My Demons Greeting Me As a Friend (Deluxe)
2017-01-09,Benjamin Luxon,Elgar & Delius: Songs
2017-01-09,Buddy Miller,Cayamo Sessions at Sea
2017-01-09,Calum Graham & Don Ross,12:34
2017-01-09,Chris Cornell,Higher Truth
2017-01-09,KONGOS,Take It from Me - Single
2017-01-09,Steve Martin & Edie Brickell,So Familiar
2017-01-09,Sting,57th & 9th (Deluxe)
2017-01-09,Various Artists,Disneyland: The Legacy Collection [60th Anniversary Edition]
2017-01-10,Emerson String Quartet,Mozart: Prussian Quartets
2017-01-10,Paul Bley,My Standard
2017-01-10,The English Concert & Trevor Pinnock,"Haydn: The ""Sturm & Drang"" Symphonies"
2017-01-11,Pat Metheny,What's It All About
2017-01-12,Bill Frisell,Further East / Further West
2017-01-12,Duo Gazzana,"Takemitsu, Hindemith, Janá?ek, Silvestrov: Five Pieces"
2017-01-12,"Lawrence Power, BBC National Orchestra of Wales & Martyn Brabbins",Ralph Vaughan Williams: Flos Campi - John McEwen: Viola Concerto
2017-01-12,Nik Bärtsch,Hishiryo - Piano Solo
2017-01-12,Various Artists,Disneyland: The Legacy Collection [60th Anniversary Edition]
2017-01-12,Vladimir Ashkenazy & Philharmonia Orchestra,Mozart: The Piano Concertos
2017-01-13,Andrea Bissoli,"Villa-Lobos: The Guitar Manuscripts, Vol. 3"
2017-01-13,Oregon,Oregon
2017-01-13,Radiohead,Daydreaming - Single
2017-01-13,Rick Astley,Whenever You Need Somebody
2017-01-13,Various Artists,Disneyland: The Legacy Collection [60th Anniversary Edition]
2017-01-13,"Vaughan Williams, Ralph (1872-1958)",Vaughan Williams: A Cotswold Romance · Death of Tintagiles [Hickox]
2017-01-13,Willie Nelson,Cowboys Are Frequently Secretly (Fond of Each Other) - Single
2017-01-13,Willie Nelson,Summertime: Willie Nelson Sings Gershwin
2017-01-13,Willie Nelson,Willie And The Wheel
2017-01-13,NA,Naked Willie
2017-01-14,Andy Partridge,"Fuzzy Warbles, Vol. 7"
2017-01-14,Steven Wilson,Cover Version
2017-01-14,NA,"Fuzzy Warbles, Vol. 6"
2017-01-15,Amanda Shires,My Piece of Land
2017-01-15,"Janine Jansen, Maxim Rysanov & Torleif Thedéen",The Bach Album (Bonus Video Version)
2017-01-15,Mayer Hawthorne,Man About Town
2017-01-15,Nadejda Vlaeva,"Bach: Piano Transcriptions, Vol. 10 – Saint-Saëns & Philipp"
2017-01-15,Nash Ensemble,Elgar: Quintet & Violin Sonata
2017-01-15,Natalia LaFourcade,Hasta la Raíz
2017-01-15,The Monkees,Good Times!
2017-01-15,Various Artists,Disneyland: The Legacy Collection [60th Anniversary Edition]
2017-01-16,Andy Partridge,Orpheus The Lowdown
2017-01-16,Benjamin Luxon,Elgar & Delius: Songs
2017-01-16,Beth Orton,The Other Side of Daybreak
2017-01-16,John Adams,Adams: Absolute Jest & Grand Pianola Music
2017-01-16,London Festival Orchestra & Ross Pople,Boccherini: Four Symphonies
2017-01-16,Oregon,Oregon
2017-01-16,Paul Bley,Paul Plays Carla
2017-01-16,Pugwash,Play This Intimately (As If Among Friends)
2017-01-16,The Chamber Music Society of Lincoln Center,DG Concerts (2007-2008) - American Voices
2017-01-16,The Florestan Trio,"Haydn: Piano Trios, Vol. 1"
2017-01-16,NA,"Fuzzy Warbles, Vol. 1"
NA,NA,NA
